{"stats":{"minecraft:custom":{"minecraft:interact_with_furnace":11,"minecraft:mob_kills":13,"minecraft:traded_with_villager":7,"minecraft:interact_with_crafting_table":17,"minecraft:leave_game":5,"minecraft:time_since_death":62260,"minecraft:sleep_in_bed":2,"minecraft:climb_one_cm":2345,"minecraft:time_since_rest":7762,"minecraft:sprint_one_cm":122465,"minecraft:damage_taken":140,"minecraft:walk_one_cm":126061,"minecraft:drop":8,"minecraft:damage_dealt":2701,"minecraft:swim_one_cm":2837,"minecraft:fly_one_cm":174679,"minecraft:talked_to_villager":10,"minecraft:open_chest":16,"minecraft:crouch_one_cm":1595,"minecraft:play_time":62260,"minecraft:sneak_time":2454,"minecraft:walk_under_water_one_cm":19434,"minecraft:boat_one_cm":205523,"minecraft:jump":995,"minecraft:interact_with_brewingstand":1,"minecraft:walk_on_water_one_cm":3598,"minecraft:total_world_time":62260,"minecraft:interact_with_smoker":4,"minecraft:fall_one_cm":17969},"minecraft:crafted":{"minecraft:oak_planks":80,"minecraft:emerald":7,"minecraft:cooked_porkchop":2,"minecraft:crafting_table":2,"minecraft:spruce_planks":20,"minecraft:spruce_button":7,"minecraft:cooked_chicken":5,"minecraft:wooden_pickaxe":1,"minecraft:baked_potato":10,"minecraft:iron_helmet":1,"minecraft:spruce_door":3,"minecraft:furnace":2,"minecraft:fletching_table":1,"minecraft:birch_planks":120,"minecraft:stone_axe":3,"minecraft:cooked_mutton":9,"minecraft:air":0,"minecraft:jungle_planks":16,"minecraft:shield":1,"minecraft:stick":256,"minecraft:iron_ingot":1,"minecraft:stone_pickaxe":1,"minecraft:iron_pickaxe":1,"minecraft:wooden_axe":1,"minecraft:chest":2,"minecraft:spruce_boat":1,"minecraft:smoker":1},"minecraft:dropped":{"minecraft:iron_nugget":4,"minecraft:mossy_cobblestone":9,"minecraft:bowl":1,"minecraft:cobblestone":16,"minecraft:rotten_flesh":3,"minecraft:stick":4,"minecraft:light_weighted_pressure_plate":1,"minecraft:dirt":2},"minecraft:used":{"minecraft:cooked_mutton":2,"minecraft:birch_planks":22,"minecraft:spruce_door":2,"minecraft:stone_pickaxe":58,"minecraft:baked_potato":2,"minecraft:oak_planks":8,"minecraft:chest":2,"minecraft:wooden_pickaxe":13,"minecraft:fletching_table":1,"minecraft:rotten_flesh":3,"minecraft:dirt":3,"minecraft:crafting_table":9,"minecraft:carrot":2,"minecraft:smoker":1,"minecraft:spruce_boat":3,"minecraft:oak_log":1,"minecraft:wooden_axe":45,"minecraft:iron_pickaxe":1,"minecraft:suspicious_stew":1,"minecraft:iron_helmet":1,"minecraft:spruce_sapling":2,"minecraft:gravel":3,"minecraft:bamboo":10,"minecraft:stone_axe":300,"minecraft:oak_sapling":8,"minecraft:furnace":2,"minecraft:cooked_porkchop":1,"minecraft:birch_log":3,"minecraft:stripped_oak_log":3,"minecraft:potato":1,"minecraft:dark_oak_sapling":1},"minecraft:picked_up":{"minecraft:stripped_oak_log":7,"minecraft:birch_log":37,"minecraft:crafting_table":8,"minecraft:repeater":1,"minecraft:chicken":5,"minecraft:jungle_log":4,"minecraft:brown_mushroom":6,"minecraft:red_mushroom":11,"minecraft:potato":1,"minecraft:flint":2,"minecraft:oak_log":154,"minecraft:cobblestone_stairs":1,"minecraft:dirt":5,"minecraft:sticky_piston":3,"minecraft:apple":2,"minecraft:iron_ingot":10,"minecraft:bamboo":10,"minecraft:sugar_cane":17,"minecraft:chest":1,"minecraft:furnace":1,"minecraft:oak_planks":8,"minecraft:egg":1,"minecraft:dark_oak_sapling":1,"minecraft:stick":5,"minecraft:pumpkin":11,"minecraft:gravel":3,"minecraft:porkchop":2,"minecraft:spruce_sapling":2,"minecraft:spruce_log":5,"minecraft:carrot":2,"minecraft:redstone":11,"minecraft:spruce_door":2,"minecraft:mossy_cobblestone":9,"minecraft:dispenser":2,"minecraft:spruce_boat":3,"minecraft:oak_sapling":4,"minecraft:mutton":9,"minecraft:coal":20,"minecraft:white_wool":5,"minecraft:cobblestone":49},"minecraft:mined":{"minecraft:dark_oak_leaves":12,"minecraft:mossy_cobblestone":9,"minecraft:cobblestone_stairs":1,"minecraft:jungle_leaves":93,"minecraft:spruce_door":2,"minecraft:powder_snow":11,"minecraft:crafting_table":8,"minecraft:short_grass":7,"minecraft:grass_block":1,"minecraft:chest":1,"minecraft:jungle_log":4,"minecraft:redstone_wire":11,"minecraft:mushroom_stem":4,"minecraft:brown_mushroom_block":35,"minecraft:cobblestone":4,"minecraft:spruce_leaves":11,"minecraft:oak_planks":9,"minecraft:sugar_cane":10,"minecraft:repeater":1,"minecraft:furnace":1,"minecraft:carrots":2,"minecraft:birch_log":36,"minecraft:sticky_piston":3,"minecraft:spruce_log":7,"minecraft:birch_leaves":3,"minecraft:pumpkin":11,"minecraft:potatoes":1,"minecraft:oak_log":157,"minecraft:coal_ore":11,"minecraft:dirt_path":1,"minecraft:vine":2,"minecraft:gravel":8,"minecraft:dirt":3,"minecraft:stripped_oak_log":7,"minecraft:bamboo":1,"minecraft:red_mushroom_block":34,"minecraft:dispenser":2,"minecraft:stone":29,"minecraft:oak_leaves":23,"minecraft:fern":1},"minecraft:killed":{"minecraft:pig":1,"minecraft:iron_golem":2,"minecraft:sheep":5,"minecraft:chicken":5},"minecraft:broken":{"minecraft:stone_axe":2,"minecraft:wooden_axe":1}},"DataVersion":3955}