{"stats":{"minecraft:picked_up":{"minecraft:birch_log":21,"minecraft:stick":2,"minecraft:crafting_table":1,"minecraft:raw_iron":5,"minecraft:andesite":8,"minecraft:wooden_pickaxe":1,"minecraft:dirt":3,"minecraft:granite":3,"minecraft:mutton":4,"minecraft:coal":17,"minecraft:white_wool":3,"minecraft:cobblestone":12},"minecraft:crafted":{"minecraft:crafting_table":1,"minecraft:stick":12,"minecraft:wooden_pickaxe":1,"minecraft:stone_pickaxe":1,"minecraft:birch_planks":28,"minecraft:stone_axe":1},"minecraft:custom":{"minecraft:time_since_rest":8717,"minecraft:sprint_one_cm":30588,"minecraft:damage_taken":10,"minecraft:walk_one_cm":10382,"minecraft:mob_kills":3,"minecraft:drop":6,"minecraft:damage_dealt":250,"minecraft:swim_one_cm":4062,"minecraft:interact_with_crafting_table":3,"minecraft:fly_one_cm":25750,"minecraft:crouch_one_cm":1023,"minecraft:play_time":8717,"minecraft:sneak_time":1094,"minecraft:walk_under_water_one_cm":1511,"minecraft:jump":165,"minecraft:leave_game":1,"minecraft:time_since_death":8717,"minecraft:walk_on_water_one_cm":2673,"minecraft:total_world_time":8717,"minecraft:fall_one_cm":3230},"minecraft:dropped":{"minecraft:dirt":1,"minecraft:andesite":8,"minecraft:granite":2,"minecraft:wooden_pickaxe":2},"minecraft:mined":{"minecraft:birch_log":23,"minecraft:iron_ore":5,"minecraft:birch_leaves":1,"minecraft:andesite":5,"minecraft:crafting_table":1,"minecraft:granite":3,"minecraft:grass_block":3,"minecraft:coal_ore":17,"minecraft:stone":12},"minecraft:used":{"minecraft:stone_pickaxe":38,"minecraft:wooden_pickaxe":4,"minecraft:stone_axe":16,"minecraft:dirt":2,"minecraft:crafting_table":1,"minecraft:granite":1},"minecraft:killed":{"minecraft:sheep":3}},"DataVersion":3955}