{"stats":{"minecraft:picked_up":{"minecraft:wooden_axe":1,"minecraft:birch_log":15,"minecraft:crafting_table":4,"minecraft:feather":10,"minecraft:chicken":10,"minecraft:tripwire_hook":4,"minecraft:jungle_log":41,"minecraft:leather":4,"minecraft:smoker":1,"minecraft:diamond_horse_armor":1,"minecraft:oak_log":31,"minecraft:brewing_stand":1,"minecraft:yellow_bed":1,"minecraft:cornflower":4,"minecraft:string":4,"minecraft:kelp":2,"minecraft:cracked_stone_bricks":1,"minecraft:wheat_seeds":12,"minecraft:beef":5,"minecraft:stone_pickaxe":1,"minecraft:poppy":4,"minecraft:sugar_cane":9,"minecraft:chest":1,"minecraft:furnace":1,"minecraft:stick":1,"minecraft:birch_boat":5,"minecraft:porkchop":20,"minecraft:white_bed":3,"minecraft:redstone":8,"minecraft:mossy_cobblestone":12,"minecraft:stone_sword":1,"minecraft:rotten_flesh":4,"minecraft:diamond":1,"minecraft:peony":1,"minecraft:oak_sapling":1,"minecraft:mutton":23,"minecraft:coal":72,"minecraft:white_wool":13,"minecraft:cobblestone":44},"minecraft:crafted":{"minecraft:cooked_porkchop":6,"minecraft:crafting_table":2,"minecraft:birch_boat":1,"minecraft:wooden_pickaxe":1,"minecraft:furnace":1,"minecraft:birch_planks":40,"minecraft:stone_axe":2,"minecraft:cooked_mutton":9,"minecraft:air":0,"minecraft:jungle_planks":20,"minecraft:stick":16,"minecraft:stone_pickaxe":1,"minecraft:stone_sword":1,"minecraft:white_bed":2},"minecraft:custom":{"minecraft:interact_with_furnace":8,"minecraft:mob_kills":38,"minecraft:interact_with_crafting_table":13,"minecraft:leave_game":3,"minecraft:time_since_death":49210,"minecraft:sleep_in_bed":3,"minecraft:climb_one_cm":396,"minecraft:time_since_rest":6478,"minecraft:sprint_one_cm":107074,"minecraft:damage_taken":535,"minecraft:walk_one_cm":137435,"minecraft:drop":5,"minecraft:damage_dealt":3066,"minecraft:swim_one_cm":19448,"minecraft:fly_one_cm":202092,"minecraft:open_chest":6,"minecraft:crouch_one_cm":8249,"minecraft:play_time":64306,"minecraft:deaths":1,"minecraft:sneak_time":4029,"minecraft:walk_under_water_one_cm":17974,"minecraft:boat_one_cm":342408,"minecraft:jump":1047,"minecraft:walk_on_water_one_cm":11131,"minecraft:total_world_time":64306,"minecraft:inspect_dispenser":5,"minecraft:fall_one_cm":20246},"minecraft:broken":{"minecraft:wooden_axe":1},"minecraft:dropped":{"minecraft:cracked_stone_bricks":1,"minecraft:filled_map":2,"minecraft:peony":1,"minecraft:oak_sapling":1},"minecraft:mined":{"minecraft:white_bed":3,"minecraft:mossy_cobblestone":6,"minecraft:smoker":1,"minecraft:brewing_stand":1,"minecraft:crafting_table":4,"minecraft:cornflower":2,"minecraft:short_grass":84,"minecraft:poppy":4,"minecraft:chest":1,"minecraft:jungle_log":43,"minecraft:redstone_wire":3,"minecraft:tall_grass":1,"minecraft:cobblestone":3,"minecraft:sugar_cane":7,"minecraft:kelp":2,"minecraft:furnace":1,"minecraft:birch_log":15,"minecraft:birch_leaves":1,"minecraft:yellow_bed":1,"minecraft:peony":1,"minecraft:oak_log":32,"minecraft:coal_ore":57,"minecraft:vine":8,"minecraft:cracked_stone_bricks":1,"minecraft:tripwire_hook":4,"minecraft:stone":42,"minecraft:oak_leaves":8,"minecraft:tripwire":4,"minecraft:fern":27},"minecraft:used":{"minecraft:stone_sword":139,"minecraft:stone_pickaxe":115,"minecraft:wooden_pickaxe":10,"minecraft:birch_boat":5,"minecraft:rotten_flesh":5,"minecraft:crafting_table":5,"minecraft:white_bed":4,"minecraft:wooden_axe":63,"minecraft:map":2,"minecraft:stone_axe":36,"minecraft:furnace":1,"minecraft:cooked_porkchop":4,"minecraft:yellow_bed":1,"minecraft:kelp":2},"minecraft:killed_by":{"minecraft:pillager":1},"minecraft:killed":{"minecraft:pig":9,"minecraft:sheep":13,"minecraft:zombie":2,"minecraft:chicken":10,"minecraft:cow":3}},"DataVersion":3955}