{"stats":{"minecraft:picked_up":{"minecraft:birch_log":15,"minecraft:crafting_table":2,"minecraft:feather":2,"minecraft:jungle_log":25,"minecraft:leather":4,"minecraft:wooden_pickaxe":1,"minecraft:birch_planks":10,"minecraft:diamond_horse_armor":1,"minecraft:cornflower":2,"minecraft:dirt":3,"minecraft:string":4,"minecraft:bone":9,"minecraft:wheat_seeds":6,"minecraft:beef":9,"minecraft:poppy":4,"minecraft:bamboo":13,"minecraft:chest":1,"minecraft:stick":1,"minecraft:birch_boat":1,"minecraft:porkchop":5,"minecraft:white_bed":1,"minecraft:redstone":4,"minecraft:mossy_cobblestone":6,"minecraft:stone_sword":1,"minecraft:arrow":6,"minecraft:rotten_flesh":5,"minecraft:diamond":1,"minecraft:stone_axe":1,"minecraft:oak_sapling":1,"minecraft:mutton":11,"minecraft:coal":52,"minecraft:white_wool":4,"minecraft:cobblestone":52},"minecraft:custom":{"minecraft:interact_with_furnace":6,"minecraft:mob_kills":17,"minecraft:interact_with_crafting_table":6,"minecraft:leave_game":2,"minecraft:time_since_death":20116,"minecraft:sleep_in_bed":3,"minecraft:time_since_rest":6075,"minecraft:sprint_one_cm":74398,"minecraft:damage_taken":385,"minecraft:walk_one_cm":31934,"minecraft:drop":16,"minecraft:damage_dealt":2250,"minecraft:fly_one_cm":129176,"minecraft:open_chest":3,"minecraft:crouch_one_cm":1648,"minecraft:play_time":20116,"minecraft:sneak_time":1057,"minecraft:boat_one_cm":34093,"minecraft:jump":555,"minecraft:walk_on_water_one_cm":728,"minecraft:total_world_time":20116,"minecraft:fall_one_cm":19802},"minecraft:crafted":{"minecraft:cooked_beef":7,"minecraft:crafting_table":4,"minecraft:birch_boat":1,"minecraft:wooden_pickaxe":1,"minecraft:furnace":1,"minecraft:birch_planks":52,"minecraft:stone_axe":1,"minecraft:air":0,"minecraft:stick":12,"minecraft:stone_pickaxe":1,"minecraft:wooden_axe":1,"minecraft:stone_sword":1,"minecraft:white_bed":1},"minecraft:dropped":{"minecraft:stone_sword":1,"minecraft:mossy_cobblestone":6,"minecraft:diamond":1,"minecraft:rotten_flesh":1,"minecraft:coal":16,"minecraft:stick":1,"minecraft:diamond_horse_armor":1,"minecraft:cornflower":2,"minecraft:wooden_axe":1,"minecraft:stone_pickaxe":1,"minecraft:redstone":4},"minecraft:mined":{"minecraft:crafting_table":1,"minecraft:short_grass":4,"minecraft:grass_block":2,"minecraft:birch_log":15,"minecraft:coal_ore":19,"minecraft:dirt":1,"minecraft:bamboo":2,"minecraft:stone":47,"minecraft:oak_leaves":3},"minecraft:used":{"minecraft:stone_sword":43,"minecraft:stone_pickaxe":47,"minecraft:wooden_pickaxe":22,"minecraft:birch_boat":2,"minecraft:dirt":3,"minecraft:crafting_table":4,"minecraft:crossbow":1,"minecraft:white_bed":1,"minecraft:stone_axe":9,"minecraft:beef":2,"minecraft:furnace":1,"minecraft:oak_sapling":1,"minecraft:cooked_beef":4,"minecraft:experience_bottle":1},"minecraft:killed":{"minecraft:parrot":1,"minecraft:pig":4,"minecraft:sheep":3,"minecraft:pillager":5,"minecraft:cow":4}},"DataVersion":3955}