{"stats":{"minecraft:picked_up":{"minecraft:birch_log":22,"minecraft:raw_iron":4,"minecraft:stick":3,"minecraft:crafting_table":1,"minecraft:chicken":1,"minecraft:sweet_berries":109,"minecraft:wooden_pickaxe":1,"minecraft:birch_planks":1,"minecraft:porkchop":7,"minecraft:mossy_cobblestone":20,"minecraft:dark_oak_log":6,"minecraft:wheat_seeds":1,"minecraft:birch_sapling":4,"minecraft:coal":46,"minecraft:cobblestone":35},"minecraft:crafted":{"minecraft:crafting_table":1,"minecraft:stick":8,"minecraft:wooden_pickaxe":1,"minecraft:stone_pickaxe":1,"minecraft:birch_planks":64,"minecraft:stone_axe":1},"minecraft:custom":{"minecraft:time_since_rest":26812,"minecraft:sprint_one_cm":117285,"minecraft:damage_taken":838,"minecraft:walk_one_cm":79048,"minecraft:mob_kills":5,"minecraft:drop":1,"minecraft:damage_dealt":440,"minecraft:swim_one_cm":2648,"minecraft:interact_with_crafting_table":2,"minecraft:fly_one_cm":118627,"minecraft:play_time":28854,"minecraft:deaths":1,"minecraft:sneak_time":9,"minecraft:walk_under_water_one_cm":1869,"minecraft:jump":775,"minecraft:leave_game":2,"minecraft:walk_on_water_one_cm":4129,"minecraft:time_since_death":26767,"minecraft:total_world_time":28854,"minecraft:fall_one_cm":22490},"minecraft:dropped":{"minecraft:wooden_pickaxe":1},"minecraft:mined":{"minecraft:birch_planks":1,"minecraft:mossy_cobblestone":20,"minecraft:iron_ore":4,"minecraft:birch_log":22,"minecraft:sweet_berry_bush":44,"minecraft:dark_oak_log":6,"minecraft:birch_leaves":1,"minecraft:powder_snow":1,"minecraft:crafting_table":1,"minecraft:glow_lichen":1,"minecraft:short_grass":3,"minecraft:coal_ore":49,"minecraft:spruce_leaves":1,"minecraft:stone":35,"minecraft:fern":4},"minecraft:used":{"minecraft:birch_planks":8,"minecraft:stone_pickaxe":100,"minecraft:chicken":1,"minecraft:wooden_pickaxe":8,"minecraft:stone_axe":44,"minecraft:sweet_berries":15,"minecraft:crafting_table":1,"minecraft:porkchop":7},"minecraft:killed_by":{"minecraft:creeper":1},"minecraft:killed":{"minecraft:pig":4,"minecraft:chicken":1}},"DataVersion":3955}